{
  "units": {
    "meter": 1.0,
    "feet": 0.3047999902464001,
    "yard": 0.9143999750720002
  }
}
